Sequence Name	TF Name	Kmer ID	Kmer	Start Position (1-indexed)	End Position (1-indexed)	Ref Data Type	Value	Site Direction	Duplicate Kmer IDs
ZRS	ETS	ETS:1	CTATCCTG	335	328	Affinity	0.15	-	
ZRS	ETS	ETS:2	TTTTCCCC	432	425	Affinity	0.14	-	
ZRS	ETS	ETS:3	TAGGAAGT	483	490	Affinity	0.26	+	
ZRS	HOX	HOX:1	TTTAATAT	323	316	Affinity	0.32	-	
ZRS	HOX	HOX:2	TTTATGAC	415	408	Affinity	0.47	-	
ZRS	HOX	HOX:3	ATCTTAAA	460	467	Affinity	0.16	+	
ZRS	HOX	HOX:4	TTAAAGAG	470	463	Affinity	0.2	-	
ZRS	HAND	HAND:1	CAGATG	416	421				
ZRS	PBX2	PBX2:1	CATAAACCA	365	357	Score	0.88	-	
ZRS	PBX2	PBX2:2	CATAAAATA	413	405	Score	0.84	-	
